Name,Date time,Maximum Temperature,Minimum Temperature,Temperature,Wind Chill,Heat Index,Precipitation,Snow,Snow Depth,Wind Speed,Wind Direction,Wind Gust,Visibility,Cloud Cover,Relative Humidity,Conditions
"Austin, TX, United States",10/13/2020,89.3,57.5,72.3,,86.2,0,0,0,4.2,124.63,,9.9,9.1,44.13,Clear
"Austin, TX, United States",10/14/2020,92.3,60.7,75.8,,94.3,0,0,0,9.7,132.25,22.8,9.9,5.4,57.49,Clear
"Austin, TX, United States",10/15/2020,88.4,67.1,77.7,,91.1,0,0,0,14.3,206.67,30.4,9.4,75.7,66.02,Overcast
"Austin, TX, United States",10/16/2020,76.9,59.9,68.1,,,0,0,0,18.3,40.75,37.9,9.9,46.8,38.73,Partially cloudy
"Austin, TX, United States",10/17/2020,78.9,55.4,67.6,,,0.01,0,0,11.4,135.79,25.3,8.8,87.9,69.12,"Rain, Overcast"
"Austin, TX, United States",10/18/2020,92.3,73,79.9,,93.3,0,0,0,17.9,182.96,34.6,9.9,48.2,64.53,Partially cloudy
"Austin, TX, United States",10/19/2020,92.5,73.9,81.4,,95.1,0,0,0,10.3,153.38,20.8,9.6,62.1,68.77,Partially cloudy
"Austin, TX, United States",10/20/2020,90.8,75.3,81.5,,92.4,0,0,0,14,164.04,22.2,9.9,66,64.71,Partially cloudy
"Austin, TX, United States",10/21/2020,90,72.9,79.4,,90.9,0,0,0,8.9,136.33,,9.8,59.4,67.4,Partially cloudy
"Austin, TX, United States",10/22/2020,89.7,72.9,79.6,,92.3,0,0,0,10.7,128.25,21.6,9.7,59.9,68.74,Partially cloudy
"Austin, TX, United States",10/23/2020,82,55.6,70.9,,85,0,0,0,17.5,171.42,33.3,9.5,94,77.14,Overcast
"Austin, TX, United States",10/24/2020,65.8,53.3,58.6,,,0,0,0,14.8,198.67,24.4,9.8,88.5,57.43,Overcast
"Austin, TX, United States",10/25/2020,84.8,54.6,68.9,,86.7,0,0,0,12.9,109.92,25.2,9.8,65.8,67.3,Partially cloudy
"Austin, TX, United States",10/26/2020,75.8,43.7,62.5,37.7,,0.11,0,0,17.9,227.38,28.4,8.1,99.3,87.83,"Rain, Overcast"
"Austin, TX, United States",10/27/2020,43.5,40.3,41.8,34,,0.01,0,0,12.4,272.67,25.3,6.4,99.9,87.85,"Rain, Overcast"
"Austin, TX, United States",10/28/2020,61.2,39.4,47.1,32.2,,0.2,0,0,12.9,308.08,24.2,8.8,57.7,73.96,"Rain, Partially cloudy"
"Austin, TX, United States",10/29/2020,63.8,41.5,52.6,45.4,,0,0,0,17.7,297.88,36.8,9.8,3.5,61.88,Clear
"Austin, TX, United States",10/30/2020,71.1,44.7,56.8,42.8,,0,0,0,7,192.42,,9.7,3.1,51.09,Clear
"Austin, TX, United States",10/31/2020,78.4,40.7,57.5,,,0,0,0,7.3,110,,9.5,6.5,56.58,Clear
"Austin, TX, United States",11/01/2020,78,48.6,62.2,,,0,0,0,15.9,64.88,24.2,9.7,11.6,54.79,Clear
"Austin, TX, United States",11/02/2020,76.1,45.4,59.7,,,0,0,0,5.2,94.46,,9.8,6.3,45.87,Clear
"Austin, TX, United States",11/03/2020,80,42.5,60.3,,,0,0,0,9.6,96.63,20.8,9.8,6.3,45.36,Clear
"Austin, TX, United States",11/04/2020,80.8,46.4,63.7,,79.9,0,0,0,9.7,94.33,25.3,9.8,5.5,58.15,Clear
"Austin, TX, United States",11/05/2020,81.7,54.8,67.3,,81.4,0,0,0,9.5,150.83,19.7,9.7,28.7,70.35,Partially cloudy
"Austin, TX, United States",11/06/2020,79.7,61.6,69.4,,,0,0,0,6.2,74.29,,9.6,66.9,68.44,Partially cloudy
"Austin, TX, United States",11/07/2020,80.8,53.3,66.6,,80.2,0,0,0,6.6,59.42,,9.9,5.8,63.51,Clear
"Austin, TX, United States",11/08/2020,83,58.8,70.1,,82.6,0,0,0,12.2,110.83,20.8,9.1,45.9,69.47,Partially cloudy
"Austin, TX, United States",11/09/2020,84.7,65.4,73.6,,84.4,0,0,0,13.1,155.96,25.4,9.8,51.5,67.16,Partially cloudy
"Austin, TX, United States",11/10/2020,79.2,64.4,71.2,,,0,0,0,10.6,211.92,22.5,9.7,84.2,60.15,Overcast
"Austin, TX, United States",11/11/2020,82.9,57.9,69.1,,81.7,0,0,0,7.3,52.71,,9.9,26.2,42.88,Partially cloudy
"Austin, TX, United States",11/12/2020,83,61.8,70.9,,83.5,0,0,0,7.4,110.95,21.9,9.6,44.3,62.37,Partially cloudy
"Austin, TX, United States",11/13/2020,83.5,63.4,73.1,,84,0,0,0,8.4,50.5,,8.6,83.5,73.53,Overcast
"Austin, TX, United States",11/14/2020,86.5,71.4,76.6,,86.7,0,0,0,12.9,187.17,28.7,9.9,55,67.99,Partially cloudy
"Austin, TX, United States",11/15/2020,73.7,51.1,64.8,,,0,0,0,17.9,110.58,31.4,9.9,7.6,35.31,Clear
"Austin, TX, United States",11/16/2020,74.4,41.3,56.3,,,0,0,0,3.4,102.13,,9.9,0.9,38.89,Clear
"Austin, TX, United States",11/17/2020,76.6,41.2,57.7,,,0,0,0,8.5,99.33,,9.9,4,40.72,Clear
"Austin, TX, United States",11/18/2020,80,42.6,61.2,,,0,0,0,10,137.17,20.8,9.9,2.3,51.46,Clear
"Austin, TX, United States",11/19/2020,82.2,56.9,68.1,,81.2,0,0,0,12.8,145.71,23.5,9,40,66.7,Partially cloudy
"Austin, TX, United States",11/20/2020,81.4,60.6,70.2,,81.2,0,0,0,8.9,146.75,17.2,8.8,52.2,69.01,Partially cloudy
"Austin, TX, United States",11/21/2020,80.7,63.9,71.3,,80.7,0.01,0,0,6.8,85.04,,8.6,85.2,69.44,"Rain, Overcast"
"Austin, TX, United States",11/22/2020,82.4,59.2,69.2,,82.3,0,0,0,13,45.33,26.4,9.7,80,72.68,Overcast
"Austin, TX, United States",11/23/2020,67,52,57.7,,,0,0,0,9.8,58.08,18.3,9.6,70.9,72.43,Partially cloudy
"Austin, TX, United States",11/24/2020,83.3,59.4,70.7,,84.5,0.03,0,0,14.3,164.67,31.1,8.8,70.4,76.03,"Rain, Partially cloudy"
"Austin, TX, United States",11/25/2020,73,51.2,63.8,,,0,0,0,13,133.13,22.5,9.9,33.7,47.83,Partially cloudy
"Austin, TX, United States",11/26/2020,77.8,45.1,60.9,,,0,0,0,7.6,134.68,,9.9,42.8,68.82,Partially cloudy
"Austin, TX, United States",11/27/2020,70.2,60,65.5,,,0.02,0,0,12.7,94.13,23,8,99.6,78.54,"Rain, Overcast"
"Austin, TX, United States",11/28/2020,60.3,52.2,57.3,,,0.65,0,0,9.4,126.04,20.8,6.6,100,82.5,"Rain, Overcast"
"Austin, TX, United States",11/29/2020,56,46.6,50.7,42,,0.01,0,0,16.5,337.33,27.9,9.8,81.1,74.1,"Rain, Overcast"
"Austin, TX, United States",11/30/2020,56.7,33.5,45.7,30.5,,0,0,0,15.2,301.92,33.3,9.9,1.8,42.95,Clear
"Austin, TX, United States",12/01/2020,63.9,28.5,45.8,37.2,,0,0,0,16.8,116.67,27,9.9,6.4,53.48,Clear
"Austin, TX, United States",12/02/2020,65.1,45,52.8,42,,0,0,0,13.1,199,26.2,9.9,36.3,62.74,Partially cloudy
"Austin, TX, United States",12/03/2020,57.5,39.8,47,34.5,,0,0,0,13.4,338.33,25.1,9.9,14.4,53.99,Clear
"Austin, TX, United States",12/04/2020,59.6,36.2,45.5,31.8,,0,0,0,7.7,227.67,17.2,9.9,5.8,57.91,Clear
"Austin, TX, United States",12/05/2020,53.3,37.6,45.3,36.5,,0.01,0,0,4.4,162.63,,9.8,66.7,75.06,"Rain, Partially cloudy"
"Austin, TX, United States",12/06/2020,66.7,41.6,51.9,37.7,,0,0,0,10.5,306.42,21.9,9.7,3.1,57.61,Clear
"Austin, TX, United States",12/07/2020,70.9,41.8,53.3,38.6,,0,0,0,7.9,213.75,23.7,9.9,0,49.46,Clear
"Austin, TX, United States",12/08/2020,78.3,42.4,56.8,39.3,,0,0,0,7.5,265.5,17.2,9.9,1.8,45.85,Clear
"Austin, TX, United States",12/09/2020,81.1,46.1,60.8,44.1,79,0,0,0,5.5,226.5,,9.9,1,36.04,Clear
"Austin, TX, United States",12/10/2020,78.4,45.8,62.3,,,0,0,0,15.7,126.25,28.8,9.9,4.2,52.18,Clear
"Austin, TX, United States",12/11/2020,71.2,56.9,64.4,,,0.06,0,0,7,137.04,,7.8,54.9,84.44,"Rain, Partially cloudy"
"Austin, TX, United States",12/12/2020,62.7,48.5,54.6,44.9,,0,0,0,11.4,129.63,19.7,8.9,13.6,64.8,Clear
"Austin, TX, United States",12/13/2020,67.5,42.5,53.6,36,,0,0,0,21.2,230.79,39.6,7.2,61,71.89,Partially cloudy
"Austin, TX, United States",12/14/2020,51,36,42.1,30.2,,0,0,0,16.3,181.5,37.5,9.9,30.6,66.57,Partially cloudy
"Austin, TX, United States",12/15/2020,58.4,38.7,46.7,36.4,,0,0,0,9.1,107.08,28.9,8,59.3,74.4,Partially cloudy
"Austin, TX, United States",12/16/2020,56.3,36.1,44.8,32.5,,0,0,0,13.2,228.29,24.2,9.9,0.9,48.39,Clear
"Austin, TX, United States",12/17/2020,63.8,29.8,45.4,42,,0,0,0,7,130.04,,9.9,0,56.62,Clear
"Austin, TX, United States",12/18/2020,64.2,36,52.1,36.5,,0,0,0,13.1,129.92,23.9,9.6,56,72.98,Partially cloudy
"Austin, TX, United States",12/19/2020,67.6,44.8,59,,,0.82,0,0,9.2,183.29,18.6,8.3,63.2,78.78,"Rain, Partially cloudy"
"Austin, TX, United States",12/20/2020,68.4,41.1,51.9,41.2,,0,0,0,6.1,267.33,17.2,9.9,2.6,61.77,Clear
"Austin, TX, United States",12/21/2020,73.9,39.2,53.5,40.3,,0,0,0,6.7,124.92,,9.9,8.2,56.49,Clear
"Austin, TX, United States",12/22/2020,73.9,42.6,58.3,,,0,0,0,13.4,114.25,23,9.5,40.2,69.6,Partially cloudy
"Austin, TX, United States",12/23/2020,79.8,51.2,66.3,,,0,0,0,21.9,230.79,35.4,9.8,61,58.63,Partially cloudy
"Austin, TX, United States",12/24/2020,56,35.6,45.5,29.9,,0,0,0,18.3,315.38,35.6,9.9,2.7,28.66,Clear
"Austin, TX, United States",12/25/2020,69.2,39.7,51.5,36,,0,0,0,8.4,184.04,18.3,9.9,10.6,27.2,Clear
"Austin, TX, United States",12/26/2020,70.1,35.4,53.4,,,0,0,0,11.4,138.38,29.3,9.9,4.1,45.86,Clear
"Austin, TX, United States",12/27/2020,76.1,45.6,59.8,48.9,,0,0,0,13.1,141.63,28.9,9.9,5.1,68.12,Clear
"Austin, TX, United States",12/28/2020,75.1,54.8,64.7,,,0,0,0,11.7,85.5,21.9,8.5,86.8,76.26,Overcast
"Austin, TX, United States",12/29/2020,75.3,62.8,67.3,,,0.01,0,0,22.5,150.79,34.8,9.8,77.1,74.45,"Rain, Overcast"
"Austin, TX, United States",12/30/2020,72.6,45,59.8,39,,0.83,0,0,19.9,84.58,30.7,8.3,83.4,87.12,"Rain, Overcast"
"Austin, TX, United States",12/31/2020,44.3,37.6,40.3,31.9,,1.76,0,0,15.1,260,26.7,7.1,98.7,88.4,"Rain, Overcast"
"Austin, TX, United States",01/01/2021,52.9,37.1,43,30.6,,0.28,0,0,12.6,252.13,25,9.9,41.9,67.39,"Rain, Partially cloudy"
"Austin, TX, United States",01/02/2021,63,36.1,47.4,34,,0,0,0,7.3,270.54,18.3,9.9,6.7,54.13,Clear
"Austin, TX, United States",01/03/2021,70.4,36.9,52.7,41.4,,0,0,0,10.2,216.88,25,9.9,1.8,51.3,Clear
"Austin, TX, United States",01/04/2021,76.8,40.1,56.9,38.3,,0,0,0,7.4,152.92,,9.9,2.3,54.82,Clear
"Austin, TX, United States",01/05/2021,71.5,44.7,58.7,,,0,0,0,9.7,163.83,18.3,9.9,34.5,60.53,Partially cloudy
"Austin, TX, United States",01/06/2021,67.4,51.7,61.4,,,0.13,0,0,17.8,229.04,40.8,8.4,63,69.42,"Rain, Partially cloudy"
"Austin, TX, United States",01/07/2021,62.1,44.3,51.4,41,,0,0,0,13.2,256.33,27.1,9.9,0.3,48.53,Clear
"Austin, TX, United States",01/08/2021,52.6,36.7,43.9,34.8,,0,0,0,15.4,141.83,20.8,9.9,22.1,68.96,Clear
"Austin, TX, United States",01/09/2021,53.1,31.7,43,29.5,,0.01,0,0,10.5,128.21,,9.7,37,67.46,"Rain, Partially cloudy"
"Austin, TX, United States",01/10/2021,45.1,33.7,38.1,24.3,,0.96,0.8,0.8,16.3,151.58,20.8,6.5,97.7,84.68,"Snow, Overcast"
"Austin, TX, United States",01/11/2021,48,33.5,39.4,29.5,,0,0.48,1.28,9.5,253.92,17.2,9.9,44.4,73.9,"Snow, Partially cloudy"
"Austin, TX, United States",01/12/2021,50.7,29.8,39.1,28.1,,0,0,0.43,5,170,,7.9,23.8,73.08,Clear
"Austin, TX, United States",01/13/2021,65.5,32.1,46.6,32.5,,0,0,0,10.3,181.38,,9.8,1.4,62.28,Clear
"Austin, TX, United States",01/14/2021,68.9,38.7,52.9,36.2,,0,0,0,20,280.21,35.8,9.9,2.3,46.98,Clear
"Austin, TX, United States",01/15/2021,59.4,40.4,49.4,36.2,,0,0,0,14.7,307.17,30.4,9.9,1.4,28.46,Clear
"Austin, TX, United States",01/16/2021,62.8,38.4,48.9,35.1,,0,0,0,6.5,216.46,,9.7,34.4,33.94,Partially cloudy
"Austin, TX, United States",01/17/2021,68.6,38.8,52.4,39.2,,0,0,0,9.2,146.96,16.1,9.8,11.5,41.98,Clear
"Austin, TX, United States",01/18/2021,74.6,39.5,57.8,,,0,0,0,12.3,116.83,30,9.9,51.2,61.75,Partially cloudy
"Austin, TX, United States",01/19/2021,68.2,49.9,59.7,46.3,,0.31,0,0,12.5,84.75,29.8,9,99.7,83.62,"Rain, Overcast"
"Austin, TX, United States",01/20/2021,54.4,48.7,50.5,45.4,,0.07,0,0,10.5,107.67,21.9,8,99.7,80.02,"Rain, Overcast"
"Austin, TX, United States",01/21/2021,65.8,50,57.6,,,0.01,0,0,5.5,224.04,,7.5,73.8,85.9,"Rain, Partially cloudy"
"Austin, TX, United States",01/22/2021,77.3,53.2,61.4,,,0.01,0,0,11.2,199.63,20.8,8.4,58.5,77.67,"Rain, Partially cloudy"
"Austin, TX, United States",01/23/2021,61.8,51.1,56.7,,,0.01,0,0,7.8,41.79,,6.8,95.4,85.05,"Rain, Overcast"
"Austin, TX, United States",01/24/2021,69.8,61,64.5,,,0.03,0,0,12.4,97.46,26.1,2.5,72,93.49,"Rain, Partially cloudy"
"Austin, TX, United States",01/25/2021,75.7,50.3,67.2,,,0.06,0,0,14.3,245.88,29.3,8.7,56,54.55,"Rain, Partially cloudy"
"Austin, TX, United States",01/26/2021,72.4,45.2,57.4,43.4,,0,0,0,13.1,126.25,24.2,9.9,14.3,50.39,Clear
"Austin, TX, United States",01/27/2021,66.3,46.7,54.8,42.8,,0,0,0,17.9,220.63,28.8,9.9,36.8,45.57,Partially cloudy
"Austin, TX, United States",01/28/2021,54.1,36.5,45.1,31.6,,0,0,0,9.6,27.5,,9.9,18.1,57.86,Clear
"Austin, TX, United States",01/29/2021,68.1,36.3,52.7,,,0,0,0,11.4,110.17,26.4,9.8,51.1,65.8,Partially cloudy
"Austin, TX, United States",01/30/2021,79.2,56.1,65.8,,,0,0,0,11.1,211.21,30.7,9.8,60.6,65.57,Partially cloudy
"Austin, TX, United States",01/31/2021,69,51.7,58.7,,,0,0,0,14.1,335.17,27.7,9.5,4,36.33,Clear
"Austin, TX, United States",02/01/2021,65.5,40.4,51.9,37.2,,0,0,0,11.4,142.46,20.8,9.9,5.4,42.97,Clear
"Austin, TX, United States",02/02/2021,67.9,39.9,52.8,,,0,0,0,12,155.46,,9.9,11.3,44.95,Clear
"Austin, TX, United States",02/03/2021,75.7,42.9,59,,,0,0,0,20.3,163.13,29.1,9.6,12.7,64.94,Clear
"Austin, TX, United States",02/04/2021,84,56.5,67.5,,82,0,0,0,15.5,196.54,29.1,9.9,51.6,58.46,Partially cloudy
"Austin, TX, United States",02/05/2021,58.6,45.8,51.9,41.5,,0.05,0,0,12,74.04,23,9.9,56.3,55.72,"Rain, Partially cloudy"
"Austin, TX, United States",02/06/2021,75,48.7,57.5,47.3,,0,0,0,13.6,166.92,31.7,8.4,50.8,58.39,Partially cloudy
"Austin, TX, United States",02/07/2021,70,39.1,54.6,42.4,,0,0,0,12.5,124.21,24.2,9.9,3.7,55.11,Clear
"Austin, TX, United States",02/08/2021,74.4,49.9,60.2,47.9,,0,0,0,12.5,124.79,23.9,8.1,62.9,76.32,Partially cloudy
"Austin, TX, United States",02/09/2021,64,47.8,56.6,44.5,,0,0,0,13,64.13,,7.6,91.5,74.71,Overcast
"Austin, TX, United States",02/10/2021,46.5,37.2,41.1,29.4,,0.05,0,0,12.1,41.75,21.9,3.4,100,89.66,"Rain, Overcast"
"Austin, TX, United States",02/11/2021,37.2,31.1,33.3,21.6,,0.41,0,0,14.2,235.54,27.7,7.4,99.9,85.62,"Rain, Overcast"
"Austin, TX, United States",02/12/2021,32.3,29.6,30.7,17.6,,0,0,0,19.5,181,32.2,7.5,97.6,82.81,Overcast
"Austin, TX, United States",02/13/2021,31.1,27.2,29,15.5,,0,0,0,14.9,268.79,23,8,100,79.16,Overcast
"Austin, TX, United States",02/14/2021,30,14.5,24.2,0.5,,0.1,3.62,3.62,15.5,141.96,30.6,5.2,96.9,80.67,"Snow, Overcast"
"Austin, TX, United States",02/15/2021,22.5,10.1,15.7,-7,,0.57,2.17,5.8,17.2,327.75,32.4,7.1,44.2,66.53,"Snow, Partially cloudy"
"Austin, TX, United States",02/16/2021,24.6,8.3,17.7,1.1,,0,0,5.3,7.5,95.38,,9.3,42.2,61.5,Partially cloudy
"Austin, TX, United States",02/17/2021,31.3,23.9,29.4,16.3,,0.76,0,4.38,18.7,106.38,27.7,5,98.4,92.14,"Rain, Overcast"
"Austin, TX, United States",02/18/2021,32.6,26.6,29,14.1,,0.01,0,3.76,16.4,319.79,24.2,8.7,86.3,78.91,"Rain, Overcast"
"Austin, TX, United States",02/19/2021,42.5,21.3,30.9,15,,0,0,2.77,6.8,175.58,,9.6,9.4,72,Clear
"Austin, TX, United States",02/20/2021,61.2,25.5,43.2,39.6,,0,0.53,2.11,13.1,109.46,24.2,8,0.3,65.28,Snow
"Austin, TX, United States",02/21/2021,74.7,43,58.4,41,,0,0,0.7,19.6,195.33,31,8.9,49.4,67.17,Partially cloudy
"Austin, TX, United States",02/22/2021,74.3,42.2,58.6,41.6,,0,0,0,9.6,150.46,,9.9,8.9,44.78,Clear
"Austin, TX, United States",02/23/2021,78.6,45.8,62.8,,,0,0,0,14,156,31.4,9.9,6.9,51.75,Clear
"Austin, TX, United States",02/24/2021,83.5,64.2,71.5,,82.8,0,0,0,10.7,151.04,23,9.9,71.8,60.73,Partially cloudy
"Austin, TX, United States",02/25/2021,65.5,51.6,56.3,,,0.03,0,0,12.3,50.25,21.9,7,99.8,67.8,"Rain, Overcast"
"Austin, TX, United States",02/26/2021,60,47.4,53.3,44.5,,0.04,0,0,8.9,203.96,17.2,8.6,99.8,81.97,"Rain, Overcast"
"Austin, TX, United States",02/27/2021,78.3,57.7,66.8,,,0.01,0,0,16.1,105.54,31.8,6.5,78.6,79.93,"Rain, Overcast"
"Austin, TX, United States",02/28/2021,74.8,60.4,71.1,,,0,0,0,17,170.71,23,8.2,94.9,77.43,Overcast
"Austin, TX, United States",03/01/2021,58.2,49.2,53,44.3,,0.13,0,0,17.2,100.21,35.1,9.8,78.6,65.21,"Rain, Overcast"
"Austin, TX, United States",03/02/2021,66.4,44.8,54.4,41.8,,0,0,0,14.8,137.54,24.2,9.9,19.1,49.79,Clear
"Austin, TX, United States",03/03/2021,71.8,38.3,55.5,,,0,0,0,10.2,124.46,,9.9,4.3,52.9,Clear
"Austin, TX, United States",03/04/2021,76,45.6,61.2,,,0,0,0,14.5,173.08,24.4,9.9,8.9,56.79,Clear
"Austin, TX, United States",03/05/2021,79.3,56.4,65.5,,,0,0,0,18.2,258.75,33.5,9.5,51.1,56.4,Partially cloudy
"Austin, TX, United States",03/06/2021,67.8,51,58.5,,,0,0,0,17.2,79.29,34.4,9.9,21.6,57.93,Clear
"Austin, TX, United States",03/07/2021,70,42.2,56.4,46.5,,0,0,0,8.1,81.54,16.1,9.9,4.3,43.28,Clear
"Austin, TX, United States",03/08/2021,71.7,45.5,59.6,49.2,,0,0,0,10.7,113.83,19.7,9.9,64.1,57.36,Partially cloudy
"Austin, TX, United States",03/09/2021,76.7,56.6,65.9,,,0,0,0,18.2,167.42,30,8.6,86.3,67.4,Overcast
"Austin, TX, United States",03/10/2021,81.7,64,71,,81.3,0,0,0,17.8,169,33.3,9.9,73.1,65.58,Partially cloudy
"Austin, TX, United States",03/11/2021,80.3,69.2,73.2,,81,0,0,0,17.2,164.83,30.6,9.8,62.4,67.7,Partially cloudy
"Austin, TX, United States",03/12/2021,80.6,69.2,74,,82,0,0,0,15.5,161.04,31.4,9.6,84.9,69.39,Overcast
"Austin, TX, United States",03/13/2021,77.3,68,70.8,,,0.1,0,0,19.2,151,35.9,8.3,80.7,78.76,"Rain, Overcast"
"Austin, TX, United States",03/14/2021,76.1,54,63.4,,,0.03,0,0,12.5,225.36,32.5,9.3,72.4,61.15,"Rain, Partially cloudy"
"Austin, TX, United States",03/15/2021,85.3,45.9,65.8,,82.1,0,0,0,10,160.48,21.6,9.9,9,49.52,Clear
"Austin, TX, United States",03/16/2021,80.1,66.8,72.5,,81.5,0,0,0,13.9,165.25,27.6,7.7,83.4,76.83,Overcast
"Austin, TX, United States",03/17/2021,77.5,56.5,69.2,,,0.01,0,0,18.1,277.42,37.5,8.4,59.7,44.25,"Rain, Partially cloudy"
"Austin, TX, United States",03/18/2021,73.1,47.5,58.7,43,,0,0,0,18.6,306.67,32.7,9.9,0.3,35.16,Clear
"Austin, TX, United States",03/19/2021,70.3,46.3,57.3,42.3,,0,0,0,11.4,201.46,25.3,9.9,1.6,43.92,Clear
"Austin, TX, United States",03/20/2021,71.7,41.4,56.9,,,0,0,0,6.4,89.17,,9.9,0.3,53.83,Clear
"Austin, TX, United States",03/21/2021,73.6,49.2,60.4,47.7,,0,0,0,13.3,115.33,25.8,9.9,37.7,56.77,Partially cloudy
"Austin, TX, United States",03/22/2021,71.2,57.4,63.2,,,0,0,0,14,153.54,31.4,9.8,89.2,74.42,Overcast
"Austin, TX, United States",03/23/2021,80.7,54.4,66.7,,79.1,0.25,0,0,6.4,179.38,32.2,8.7,30.3,56.62,"Rain, Partially cloudy"
"Austin, TX, United States",03/24/2021,71,53.3,63.7,,,0,0,0,12.4,88.75,25.3,9,57.7,70.41,Partially cloudy
"Austin, TX, United States",03/25/2021,74.2,55.6,64.5,,,0.39,0,0,10.8,263.83,30.7,9,37.2,62.83,"Rain, Partially cloudy"
"Austin, TX, United States",03/26/2021,83,49.2,65.7,48.3,81,0,0,0,10.1,118.79,20.8,9.9,1.8,52.4,Clear
"Austin, TX, United States",03/27/2021,84.9,65.8,74.1,,85.5,0,0,0,12.7,151.17,21.9,7.4,73.8,70.98,Partially cloudy
"Austin, TX, United States",03/28/2021,74.1,56.2,66.5,,,0,0,0,19.2,22.58,38.7,9.8,19.4,38.16,Clear
"Austin, TX, United States",03/29/2021,77.1,43.7,60.7,45,,0,0,0,12,166.67,25.3,9.9,22.6,50.85,Clear
"Austin, TX, United States",03/30/2021,79.9,60,69.3,,,0,0,0,17.5,178.75,26.2,8.8,86.6,75.88,Overcast
"Austin, TX, United States",03/31/2021,72.6,57.3,66.3,,,0.01,0,0,17.1,55.5,32.2,9,64,55.51,"Rain, Partially cloudy"
"Austin, TX, United States",04/01/2021,69.9,43.2,57.7,43.9,,0,0,0,8.8,83.58,19.7,9.9,6.7,38.63,Clear
"Austin, TX, United States",04/02/2021,71.1,42.9,58.4,,,0,0,0,11,91.25,22.4,9.9,33.8,44.03,Partially cloudy
"Austin, TX, United States",04/03/2021,65.8,52.3,58.2,,,0.31,0,0,8.6,103.75,24.2,9.3,84,74.22,"Rain, Overcast"
"Austin, TX, United States",04/04/2021,74.2,54.9,63.1,,,0,0,0,7.6,95.58,17.2,9.8,73.1,70.83,Partially cloudy
"Austin, TX, United States",04/05/2021,79.5,56.8,66.9,,,0,0,0,14.7,133.29,29.9,8.7,62.1,71.99,Partially cloudy
"Austin, TX, United States",04/06/2021,86.1,66.2,73.8,,86.2,0,0,0,16.8,170.67,33.6,9.8,74.6,69.53,Partially cloudy
"Austin, TX, United States",04/07/2021,87.3,64,75.2,,86.4,0,0,0,14.9,139,28,9.6,64.9,58.59,Partially cloudy
"Austin, TX, United States",04/08/2021,90.9,52.9,72.1,,89.5,0,0,0,12,108.13,23.4,8.8,30.8,59.75,Partially cloudy
"Austin, TX, United States",04/09/2021,90.2,68.6,77.5,,92.6,0,0,0,10.8,171.63,25.5,7.4,48.8,67.54,Partially cloudy
"Austin, TX, United States",04/10/2021,80.1,58.4,69.7,,78.5,0,0,0,17.4,126.79,30.8,9.5,4.3,39.89,Clear
"Austin, TX, United States",04/11/2021,87.5,48.3,69,,84.3,0,0,0,12.1,120.83,24.2,9.9,7.1,42.84,Clear
"Austin, TX, United States",04/12/2021,87.5,65.2,74.9,,88.7,0,0,0,11.4,152.63,25.3,9.3,46.9,65.89,Partially cloudy
"Austin, TX, United States",04/13/2021,82.4,71.3,76.2,,83.4,0,0,0,9.3,53.13,16.1,9.6,94.6,64.85,Overcast
"Austin, TX, United States",04/14/2021,81.7,69.7,74.9,,82.5,0,0,0,13.1,39.71,23,9,88.7,67.81,Overcast
"Austin, TX, United States",04/15/2021,72.5,61,65.4,,,0.09,0,0,14.3,53.46,29.9,7.6,92.7,84.67,"Rain, Overcast"
"Austin, TX, United States",04/16/2021,67.9,60.7,64,,,0.09,0,0,13.1,94.08,25.2,4.2,97.6,90.54,"Rain, Overcast"
"Austin, TX, United States",04/17/2021,64.7,52.6,57.9,,,0,0,0,19.2,222.5,31.9,9.9,80.5,60.74,Overcast
"Austin, TX, United States",04/18/2021,67.9,50.5,58.2,,,0,0,0,12.5,187.75,23.4,9.9,21.9,52.23,Clear
"Austin, TX, United States",04/19/2021,74.4,49,62.6,,,0,0,0,7.2,68.04,,9.9,38.5,49.64,Partially cloudy
"Austin, TX, United States",04/20/2021,83.1,50.3,65,,80.8,0,0,0,18.2,118.29,31.3,9.9,12,47.99,Clear
"Austin, TX, United States",04/21/2021,65.8,44.1,54.1,38.4,,0,0,0,15.7,41.58,27.5,9.8,51.4,40.71,Partially cloudy
"Austin, TX, United States",04/22/2021,66.4,49,58.6,,,0,0,0,10.2,99.33,20.8,9.4,80.1,59.33,Overcast
"Austin, TX, United States",04/23/2021,71.8,61.8,67,,,0.87,0,0,10.5,103.25,32.2,3.7,91.6,93.5,"Rain, Overcast"
"Austin, TX, United States",04/24/2021,83,60.9,71.6,,81.9,0,0,0,14.4,195.58,28.9,9.2,2.9,58.28,Clear
"Austin, TX, United States",04/25/2021,87.2,54.3,71.9,,85.8,0,0,0,11.2,115.83,21.5,9.9,5.2,60.49,Clear
"Austin, TX, United States",04/26/2021,85.4,67.1,74.1,,85.3,0,0,0,16.7,156.75,26.4,9.9,43.7,66.32,Partially cloudy
"Austin, TX, United States",04/27/2021,79,69.9,74,,,0,0,0,13.7,156.21,26.8,9,75,80,Partially cloudy
"Austin, TX, United States",04/28/2021,83.7,73.4,78.3,,86.8,0.02,0,0,21.4,155.08,37.2,9.1,65.4,72.99,"Rain, Partially cloudy"
"Austin, TX, United States",04/29/2021,74.9,67.7,71.8,,,0.49,0,0,14,168.63,28.7,4.7,93.1,91.36,"Rain, Overcast"
"Austin, TX, United States",04/30/2021,73.3,66.6,68.6,,,1.1,0,0,11.9,164.46,24.2,7.2,97.9,89.08,"Rain, Overcast"
"Austin, TX, United States",05/01/2021,74,65.4,68.1,,,1.57,0,0,12.8,135.42,31.6,8.5,97.3,88.52,"Rain, Overcast"
"Austin, TX, United States",05/02/2021,88.2,60.2,74.2,,88.8,0.02,0,0,11.6,206.04,25.8,9.8,25.6,70.58,"Rain, Partially cloudy"
"Austin, TX, United States",05/03/2021,92.7,72.1,80,,99,0,0,0,12.9,165.29,24,8.6,52.1,72.24,Partially cloudy
"Austin, TX, United States",05/04/2021,81.9,68.8,75.8,,81.8,0.1,0,0,17.2,202.29,25,9.5,48.1,61.04,"Rain, Partially cloudy"
"Austin, TX, United States",05/05/2021,80.7,56.6,69,,79.4,0,0,0,10.6,33.92,26.4,9.9,1.2,49.83,Clear
"Austin, TX, United States",05/06/2021,86.9,57.3,71.7,,84.2,0,0,0,8.9,38.92,19.7,9.9,0.5,55.36,Clear
"Austin, TX, United States",05/07/2021,85,59.3,73.4,,84.1,0,0,0,10.5,79.96,21.9,9.9,11,59.05,Clear
"Austin, TX, United States",05/08/2021,89.2,67.3,77.1,,92.4,0,0,0,18.3,176.29,31.6,9.7,52.5,69.54,Partially cloudy
"Austin, TX, United States",05/09/2021,88.2,75.3,80.5,,93.7,0.01,0,0,14.3,151.21,28.1,9.8,75.7,71.33,"Rain, Overcast"
"Austin, TX, United States",05/10/2021,79.1,64.4,73.7,,,0,0,0,13.1,59.29,18.3,8.3,95.6,79.47,Overcast
"Austin, TX, United States",05/11/2021,75.5,61.9,65.6,,,0.2,0,0,17.1,131.08,32.9,7.4,95.1,86.93,"Rain, Overcast"
"Austin, TX, United States",05/12/2021,74.1,60.5,64.6,,,0.15,0,0,16.3,139.54,24.6,9.8,94.6,75.74,"Rain, Overcast"
"Austin, TX, United States",05/13/2021,73.8,60.2,66.4,,,0,0,0,9.8,67.96,21.9,9.7,96.1,70.3,Overcast
"Austin, TX, United States",05/14/2021,81.7,58.1,71.3,,82.2,0,0,0,9.2,79.42,18.3,9.9,61.7,66.33,Partially cloudy
"Austin, TX, United States",05/15/2021,79,66.8,72.3,,,0,0,0,11,133.04,22.2,9.8,76.1,75.96,Overcast
"Austin, TX, United States",05/16/2021,81.2,69.6,73.2,,84,0.8,0,0,12.8,140.42,30.8,8,80.9,85.71,"Rain, Overcast"
"Austin, TX, United States",05/17/2021,79.5,66.3,72.9,,,0.54,0,0,20.5,91.92,39.7,9,72.2,84.12,"Rain, Partially cloudy"
"Austin, TX, United States",05/18/2021,77.7,66.4,71,,,0.54,0,0,22.3,124.88,35.7,9.4,74.5,81.75,"Rain, Partially cloudy"
"Austin, TX, United States",05/19/2021,71.5,64.5,67.4,,,0,0,0,7.7,144.83,,9.9,55.9,82.38,Partially cloudy
"Austin, TX, United States",05/20/2021,84.3,62.9,73.3,,85.4,0,0,0,7.6,73.92,,9.7,31.7,72.25,Partially cloudy
"Austin, TX, United States",05/21/2021,85.3,68.2,75.8,,87.7,0,0,0,9.5,73.5,19.7,8.6,59.4,73.32,Partially cloudy
"Austin, TX, United States",05/22/2021,80.1,71.9,74.7,,82.7,0.56,0,0,17,110.25,31.5,8,85.2,84.91,"Rain, Overcast"
"Austin, TX, United States",05/23/2021,73.5,69.5,71.9,,,0.16,0,0,12.5,93.21,21.5,8.9,98.9,88.26,"Rain, Overcast"
"Austin, TX, United States",05/24/2021,85.4,69.5,74.2,,89.2,0.13,0,0,10.2,108.96,26.4,9,89.4,84.26,"Rain, Overcast"
"Austin, TX, United States",05/25/2021,87.5,71.4,78.7,,95.7,0.02,0,0,11.4,153.46,23,9.4,87.8,78.78,"Rain, Overcast"
"Austin, TX, United States",05/26/2021,88.6,70,79.8,,94.9,0.1,0,0,10,148.75,26.4,9.3,64.7,75.65,"Rain, Partially cloudy"
"Austin, TX, United States",05/27/2021,89.1,74.4,80.6,,94.1,0,0,0,14,165.17,25.3,9.8,69.9,71.65,Partially cloudy
"Austin, TX, United States",05/28/2021,87,66.6,77.6,,92.9,1.65,0,0,20.2,156.42,50.6,9.3,87.2,79.19,"Rain, Overcast"
"Austin, TX, United States",05/29/2021,86.3,66.4,75.1,,88.1,0.14,0,0,7.3,126.96,17.2,9.9,29.9,73.46,"Rain, Partially cloudy"
"Austin, TX, United States",05/30/2021,86.8,69.3,75.1,,91.1,1.03,0,0,9,59.29,19.7,8.4,64.2,80.52,"Rain, Partially cloudy"
"Austin, TX, United States",05/31/2021,83.6,69.3,76.2,,87.7,0.51,0,0,11.5,154.67,21.3,8.1,87.5,81.07,"Rain, Overcast"
"Austin, TX, United States",06/01/2021,83.1,67.4,74.5,,85.6,0.76,0,0,9.1,174.67,23,9.3,81.6,77.28,"Rain, Overcast"
"Austin, TX, United States",06/02/2021,88.2,65.1,76.4,,91.8,0.62,0,0,12.7,89.54,36.8,9.7,61.1,69.21,"Rain, Partially cloudy"
"Austin, TX, United States",06/03/2021,70.9,64.3,66.8,,,2.01,0,0,10,185.88,48.3,8.5,61.6,94.01,"Rain, Partially cloudy"
"Austin, TX, United States",06/04/2021,82.2,67.6,73,,84.6,0.15,0,0,5.7,63.75,,9.6,84.5,82.62,"Rain, Overcast"
"Austin, TX, United States",06/05/2021,79.9,69.2,73.7,,,0.09,0,0,7.1,46.04,,9,63.7,82.47,"Rain, Partially cloudy"
"Austin, TX, United States",06/06/2021,89.3,68.1,77.7,,96.2,0,0,0,11.5,121.63,20.8,9.5,58.2,76.8,Partially cloudy
"Austin, TX, United States",06/07/2021,88.7,78.5,81.7,,99.5,0,0,0,19,155.54,32.2,8.6,82.7,77.91,Overcast
"Austin, TX, United States",06/08/2021,91.2,78.5,83,,102.1,0.04,0,0,18.2,144.88,29.8,8.1,79.7,76.8,"Rain, Overcast"
"Austin, TX, United States",06/09/2021,92.4,76.4,83.6,,103.7,0,0,0,16,164.38,26.4,9.1,59.9,74.65,Partially cloudy
"Austin, TX, United States",06/10/2021,92.5,76.9,83.4,,101,0,0,0,10.7,181.63,21.4,8.5,58.2,69.86,Partially cloudy
"Austin, TX, United States",06/11/2021,91.4,77.4,83.4,,98.4,0,0,0,14.3,180.13,24.2,8.5,58.7,68.85,Partially cloudy
"Austin, TX, United States",06/12/2021,93,75.6,83.5,,100.3,0,0,0,11.3,162.79,,8.4,44.4,69.17,Partially cloudy
"Austin, TX, United States",06/13/2021,96.9,74.4,85.4,,102.7,0,0,0,5.5,119.21,,9.9,16.6,63.64,Clear
"Austin, TX, United States",06/14/2021,98.1,75.2,86.1,,102.2,0,0,0,10.5,86.83,22,9.9,13.2,60.07,Clear
"Austin, TX, United States",06/15/2021,97.1,74.6,85.8,,103.4,0,0,0,8.1,69.38,21.9,9.9,21.8,59.39,Clear
"Austin, TX, United States",06/16/2021,95.1,71.6,84.1,,98.7,0,0,0,8.2,95.79,27.3,9.9,7.2,56.11,Clear
"Austin, TX, United States",06/17/2021,95.6,73.4,85.6,,98.5,0,0,0,6.5,101.75,,9.9,14.1,56.93,Clear
"Austin, TX, United States",06/18/2021,93.1,75.7,84.2,,96.1,0,0,0,8.5,95,,9.9,21.1,59.06,Clear
"Austin, TX, United States",06/19/2021,94.2,68.6,82.1,,96.2,0,0,0,10.3,138,18.3,9.9,11.8,58.71,Clear
"Austin, TX, United States",06/20/2021,93.6,74.2,83.6,,101.9,0,0,0,14.5,172.58,23,9.9,41.9,69.96,Partially cloudy
"Austin, TX, United States",06/21/2021,93.3,80.2,86.3,,105.7,0,0,0,11.2,142.33,23,8.4,66.9,69.85,Partially cloudy
"Austin, TX, United States",06/22/2021,87.2,72.8,80.3,,93.3,0.01,0,0,11.8,72.58,25.3,9.8,72.2,73.05,"Rain, Partially cloudy"
"Austin, TX, United States",06/23/2021,96.9,77.8,85.4,,106.5,0.01,0,0,10,165.29,18.3,9.2,56.6,69.46,"Rain, Partially cloudy"
"Austin, TX, United States",06/24/2021,96.2,77.4,85.7,,105.5,0,0,0,15.6,173.38,26.4,9.9,49.4,66.67,Partially cloudy
"Austin, TX, United States",06/25/2021,94.9,77.6,85.1,,101.9,0,0,0,16.3,171.38,27.7,9.8,49,66.11,Partially cloudy
"Austin, TX, United States",06/26/2021,95.7,77.8,85.1,,101.1,0,0,0,16,166.29,29.9,9.9,55.9,64.75,Partially cloudy
"Austin, TX, United States",06/27/2021,90.4,75.3,81,,95.6,0.14,0,0,11.4,90.63,19.7,9.6,55.8,72.93,"Rain, Partially cloudy"
"Austin, TX, United States",06/28/2021,87.6,73.5,78,,92.9,0,0,0,11.4,86.04,29.9,9.9,56.7,79.08,Partially cloudy
"Austin, TX, United States",06/29/2021,85.7,73.8,77.6,,91.7,0.75,0,0,10.3,83.09,32.2,8.8,75.4,83.26,"Rain, Overcast"
"Austin, TX, United States",06/30/2021,91.1,74.2,81.1,,96.5,0.02,0,0,8.1,85.38,,9.3,76.9,74.8,"Rain, Overcast"
"Austin, TX, United States",07/01/2021,92.9,73.3,83.2,,99.1,0.02,0,0,6.6,110.61,,9.9,32,69.09,"Rain, Partially cloudy"
"Austin, TX, United States",07/02/2021,95.4,75.2,84.6,,101.7,0,0,0,8.9,82.17,18.3,9.9,23.6,67.26,Clear
"Austin, TX, United States",07/03/2021,89.6,74.9,82.1,,96.5,0.18,0,0,10.3,119,25.3,9.9,29.8,73.53,"Rain, Partially cloudy"
"Austin, TX, United States",07/04/2021,82.5,75.4,78.4,,88.6,1.16,0,0,6.7,80.79,17.2,8.8,76.5,84.66,"Rain, Overcast"
"Austin, TX, United States",07/05/2021,83,74.2,77.5,,89,0.01,0,0,12.8,72.75,,7.7,78,87.53,"Rain, Overcast"
"Austin, TX, United States",07/06/2021,87.6,73.1,78.8,,93.2,0.46,0,0,10.9,94.58,21.9,9.7,72.8,82.6,"Rain, Partially cloudy"
"Austin, TX, United States",07/07/2021,86.9,72.4,78.3,,92.6,0,0,0,9.2,76,20.8,9.8,57.9,78.97,Partially cloudy
"Austin, TX, United States",07/08/2021,88,73.8,78.9,,92.7,0.17,0,0,12.8,68.92,25.3,9.4,66.4,76.41,"Rain, Partially cloudy"
"Austin, TX, United States",07/09/2021,79.8,74.7,76.7,,,0.19,0,0,11.1,108.46,21.9,8.9,98.3,89.51,"Rain, Overcast"
"Austin, TX, United States",07/10/2021,90.8,74.7,81.3,,100.5,0.41,0,0,15,146.46,24.2,8.6,72.5,79.32,"Rain, Partially cloudy"
"Austin, TX, United States",07/11/2021,90.4,76.5,82.4,,99.3,0,0,0,10,122.67,19.7,9.7,62.1,73.77,Partially cloudy
"Austin, TX, United States",07/12/2021,86.6,74.7,80.6,,94,0,0,0,9.1,162.13,29.8,9.6,52.8,74.87,Partially cloudy
"Austin, TX, United States",07/13/2021,89.5,70.7,76.9,,95.2,0.04,0,0,7.2,101.29,35.6,9.7,46.7,77.2,"Rain, Partially cloudy"
"Austin, TX, United States",07/14/2021,90.6,70.7,78.4,,97.2,0.03,0,0,12.4,75.65,39.1,9.9,56.2,75.82,"Rain, Partially cloudy"
"Austin, TX, United States",07/15/2021,91.4,74.7,82.3,,98.1,0,0,0,12.8,141.33,23,9.5,50.7,71.41,Partially cloudy
"Austin, TX, United States",07/16/2021,91.8,74.9,82.9,,99.4,0,0,0,16.5,178.75,24.2,9.7,43.9,70.07,Partially cloudy
"Austin, TX, United States",07/17/2021,92,77.5,83.9,,98.3,0,0,0,11.2,172.13,19.7,9.8,47.8,67.71,Partially cloudy
"Austin, TX, United States",07/18/2021,94.2,73.7,83.5,,101.4,0,0,0,7.4,163.92,,9.7,26.2,70.07,Partially cloudy
"Austin, TX, United States",07/19/2021,95.2,74,81,,101.6,0.35,0,0,14.3,214,38.8,9.6,28.9,77.31,"Rain, Partially cloudy"
"Austin, TX, United States",07/20/2021,91.2,72.8,80.4,,95.4,0,0,0,10.8,115.04,19.7,9.8,52.6,72.83,Partially cloudy
"Austin, TX, United States",07/21/2021,90.1,73.6,80.8,,95.5,0.03,0,0,10.2,143.13,43.6,9.8,62.1,68.62,"Rain, Partially cloudy"
"Austin, TX, United States",07/22/2021,92.2,70.7,78.7,,98.6,0.01,0,0,9.7,107.67,34.4,9.6,24.6,77.75,Rain
"Austin, TX, United States",07/23/2021,93.1,73.1,82.9,,99.2,0.01,0,0,15.2,151.46,26.7,9.3,53.2,72,"Rain, Partially cloudy"
"Austin, TX, United States",07/24/2021,95.9,76.4,85.2,,101.5,0,0,0,13.4,177.67,23,9.7,39.4,65.11,Partially cloudy
"Austin, TX, United States",07/25/2021,97.3,74.4,84.6,,100.6,0,0,0,10.1,196.96,21.9,9.7,19.4,63.75,Clear
"Austin, TX, United States",07/26/2021,97.2,73.5,85,,103.8,0,0,0,6.9,198.21,,9.9,17.2,65.28,Clear
"Austin, TX, United States",07/27/2021,95.9,74,85.1,,97,0,0,0,5.6,205.04,,9.8,12.5,59.82,Clear
"Austin, TX, United States",07/28/2021,95,76.9,85.9,,99.7,0.01,0,0,8,128.58,,9.8,16.1,60.43,Rain
"Austin, TX, United States",07/29/2021,96.8,75.6,83.7,,104.2,0,0,0,9.2,91.79,17.2,9.9,20.4,68.1,Clear
"Austin, TX, United States",07/30/2021,96,74.2,84.9,,102.4,0,0,0,8.8,88,17.2,9.8,17.5,64.85,Clear
"Austin, TX, United States",07/31/2021,93.6,76.2,85.2,,102.7,0,0,0,7.9,192.83,,9.9,22.1,67.95,Clear
"Austin, TX, United States",08/01/2021,98.9,77,84.8,,104.7,0.03,0,0,8.9,133.96,39.1,9.9,25.4,67.26,"Rain, Partially cloudy"
"Austin, TX, United States",08/02/2021,85,74.2,76.2,,92.9,1.23,0,0,7.7,226.96,,8.8,69.7,88.69,"Rain, Partially cloudy"
"Austin, TX, United States",08/03/2021,90.6,74.5,81.5,,95.9,0,0,0,8.9,131.38,,9.6,75.4,72.19,Overcast
"Austin, TX, United States",08/04/2021,90.7,74.1,82.1,,94.2,0,0,0,9.6,77.04,18.3,9.6,39.9,66.83,Partially cloudy
"Austin, TX, United States",08/05/2021,83.2,76.2,79.2,,87.3,0.04,0,0,6.4,67.25,,9.2,48.8,79.26,"Rain, Partially cloudy"
"Austin, TX, United States",08/06/2021,89.9,76.2,81.3,,97.5,0.07,0,0,11,95.13,26.4,9.4,69.7,75.74,"Rain, Partially cloudy"
"Austin, TX, United States",08/07/2021,93.9,75.1,83.8,,100.8,0,0,0,11.4,164.04,22.8,9.8,46,69.36,Partially cloudy
"Austin, TX, United States",08/08/2021,95.1,77.6,85.3,,102.2,0,0,0,13.4,178.42,29.9,9.9,48.7,67.21,Partially cloudy
"Austin, TX, United States",08/09/2021,96,78.3,85.5,,104.3,0,0,0,11.6,178.38,26.3,9.9,58,66.57,Partially cloudy
"Austin, TX, United States",08/10/2021,96.6,76.9,85.3,,101.5,0,0,0,14.9,177.08,25.9,9.8,43.1,65.05,Partially cloudy
"Austin, TX, United States",08/11/2021,96.1,74.8,84.8,,103.1,0,0,0,12.5,172.75,26.5,9.5,45.4,67.84,Partially cloudy
"Austin, TX, United States",08/12/2021,95.9,76,85.5,,101.6,0,0,0,13.1,150.79,21.9,9.9,35.2,65.18,Partially cloudy
"Austin, TX, United States",08/13/2021,96.6,75.3,84.8,,102.2,0,0,0,13.9,104.13,18.3,9.9,35.7,67.01,Partially cloudy
"Austin, TX, United States",08/14/2021,96.7,74.8,84.8,,100.4,0,0,0,8.8,66.58,,9.9,24.3,64.77,Clear
"Austin, TX, United States",08/15/2021,91.6,73.1,78.3,,98,1.42,0,0,7.1,85.13,45,7.9,38.1,81.42,"Rain, Partially cloudy"
"Austin, TX, United States",08/16/2021,92.5,70.8,81.1,,96.6,0,0,0,6.4,137.13,,8.9,22.4,71.53,Clear
"Austin, TX, United States",08/17/2021,90.8,74.9,82.7,,97.8,0.1,0,0,9.2,136,21.9,9.9,39.9,72.36,"Rain, Partially cloudy"
"Austin, TX, United States",08/18/2021,92.5,79,83.7,,101.9,0,0,0,11.4,144.88,20.8,9.7,69.1,76.19,Partially cloudy
"Austin, TX, United States",08/19/2021,95.4,79.6,86.4,,103.1,0,0,0,11.7,166.08,25.3,9.6,48.5,66.34,Partially cloudy
"Austin, TX, United States",08/20/2021,94.3,77.2,84.7,,102.2,0,0,0,11.4,179.71,23,9.9,42.2,66.99,Partially cloudy
"Austin, TX, United States",08/21/2021,95.6,77,85.3,,103.9,0,0,0,11.7,154.21,21.9,9.8,32.6,67.76,Partially cloudy
"Austin, TX, United States",08/22/2021,95.6,73.8,84.4,,101.8,0,0,0,9.2,158.7,20.8,9.9,27.9,66.39,Partially cloudy
"Austin, TX, United States",08/23/2021,95.4,73.1,84.4,,99.1,0,0,0,9.4,150.41,21.9,9.9,11.5,64.04,Clear
"Austin, TX, United States",08/24/2021,97,75.6,85.7,,101.6,0,0,0,8.1,164,19.7,9.9,14.8,61.94,Clear
"Austin, TX, United States",08/25/2021,95.9,76.4,86.3,,100.4,0,0,0,6.9,121.5,17.2,9.9,10.4,60.92,Clear
"Austin, TX, United States",08/26/2021,98.2,78.6,86,,104.9,0,0,0,9.7,126.78,27.7,9.9,32.5,61.89,Partially cloudy
"Austin, TX, United States",08/27/2021,88.6,75.4,80.8,,96.6,0.03,0,0,9.6,70.63,,9.7,42.1,75.94,"Rain, Partially cloudy"
"Austin, TX, United States",08/28/2021,92.5,74.4,82,,97.5,0.15,0,0,10.9,50.04,18.3,9.9,37.8,72.35,"Rain, Partially cloudy"
"Austin, TX, United States",08/29/2021,93.1,74.9,82.8,,98.6,0,0,0,12.8,71.87,,9.8,50.3,70.68,Partially cloudy
"Austin, TX, United States",08/30/2021,92.9,75.4,84.2,,99.8,0,0,0,9.1,94.83,,9.9,40.6,67.94,Partially cloudy
"Austin, TX, United States",08/31/2021,98.3,74.9,86.6,,103,0,0,0,9.2,80.38,,9.9,9.8,60.79,Clear
"Austin, TX, United States",09/01/2021,97.7,77.2,86.6,,104,0,0,0,9.7,155.67,21.9,8.4,25.2,65.49,Partially cloudy
"Austin, TX, United States",09/02/2021,97.1,78.1,86.2,,101.9,0,0,0,11.1,115.25,26.4,9.3,29.9,66.77,Partially cloudy
"Austin, TX, United States",09/03/2021,98,77.1,85.5,,102.2,0,0,0,11.7,111.65,25.3,9.9,32.9,65.68,Partially cloudy
"Austin, TX, United States",09/04/2021,97.8,75.9,85.9,,101,0,0,0,11.4,155.38,21.9,9.7,14.3,61.34,Clear
"Austin, TX, United States",09/05/2021,100.9,73.7,86.6,,102.9,0,0,0,12.8,156.77,34.2,9.8,16.6,55.56,Clear
"Austin, TX, United States",09/06/2021,97.1,74.7,82.9,,103,0.11,0,0,8.3,158.54,34,9.9,30.4,62.17,"Rain, Partially cloudy"
"Austin, TX, United States",09/07/2021,95.4,71.7,82.5,,97.4,0,0,0,10.3,104.33,,9.9,21.8,63.47,Clear
"Austin, TX, United States",09/08/2021,99.6,69.4,83.4,,98.1,0,0,0,10.3,79.54,24.2,9.9,8.5,48.19,Clear
"Austin, TX, United States",09/09/2021,95.5,69.1,82.1,,93.6,0,0,0,15,71.88,25.3,9.9,2.9,43.18,Clear
"Austin, TX, United States",09/10/2021,94.1,68,80.1,,91.3,0,0,0,6.9,70.65,17.2,9.9,4,41.22,Clear
"Austin, TX, United States",09/11/2021,91.4,64.3,78.2,,88.3,0,0,0,8.1,38.38,,9.9,1.6,48.96,Clear
"Austin, TX, United States",09/12/2021,91.4,68.8,80.1,,92.7,0,0,0,7.5,50.64,,9.9,27.6,61.72,Partially cloudy
"Austin, TX, United States",09/13/2021,87.2,74.6,79.7,,88.8,0,0,0,12.4,87.08,28.1,9.9,65.9,64.04,Partially cloudy
"Austin, TX, United States",09/14/2021,84.5,72.4,78,,86.4,0,0,0,12.5,104.88,26.4,9.9,74.8,64.38,Partially cloudy
"Austin, TX, United States",09/15/2021,90.5,72.8,79.3,,91.3,0,0,0,14,68.92,24.2,9.9,64,63.89,Partially cloudy
"Austin, TX, United States",09/16/2021,92.8,68.8,80.3,,93.9,0,0,0,11.4,113.5,20.8,9.9,21.4,61.12,Clear
"Austin, TX, United States",09/17/2021,95.5,69.2,82.1,,97.9,0,0,0,6.2,66.73,,9.9,15.1,62.2,Clear
"Austin, TX, United States",09/18/2021,96.6,70.9,83.1,,97.6,0,0,0,9.3,70.96,20.8,9.9,16.8,58.4,Clear
"Austin, TX, United States",09/19/2021,97.9,71.4,84.3,,98,0,0,0,6.2,122.09,,9.9,14.1,55.5,Clear
"Austin, TX, United States",09/20/2021,100,74.5,86.2,,100.7,0,0,0,9.3,185.29,20.8,9.9,12.4,56.86,Clear
"Austin, TX, United States",09/21/2021,93.1,76.2,84.1,,100.2,0,0,0,11.9,118,32.2,9.3,40.6,62.77,Partially cloudy
"Austin, TX, United States",09/22/2021,85,65.9,75.4,,82,0,0,0,15,45.33,29.9,9.9,15,30.68,Clear
"Austin, TX, United States",09/23/2021,86.6,54.7,70.4,,83.2,0,0,0,4.9,92.85,,9.9,6.6,38.99,Clear
"Austin, TX, United States",09/24/2021,87.4,57.3,72.1,,84.2,0,0,0,9.2,79.26,17.2,9.9,5.2,46.83,Clear
"Austin, TX, United States",09/25/2021,89.3,60.1,74.5,,86.3,0,0,0,6.9,39.86,,9.9,8.7,51.55,Clear
"Austin, TX, United States",09/26/2021,90.1,59.3,75.1,,86.9,0,0,0,9.2,81.09,16.1,9.9,9,50,Clear
"Austin, TX, United States",09/27/2021,91.6,63.9,77.1,,90.7,0,0,0,8.1,81.25,,9.9,12.9,57.98,Clear
"Austin, TX, United States",09/28/2021,95.5,67.9,80.7,,97.9,0.92,0,0,12.4,100.96,35.4,9.5,45.4,64.3,"Rain, Partially cloudy"
"Austin, TX, United States",09/29/2021,88.2,67.7,75.4,,90.5,0.45,0,0,11.6,124.54,35.7,9.3,36.3,76.24,"Rain, Partially cloudy"
"Austin, TX, United States",09/30/2021,93,73.7,79.8,,97.7,0,0,0,11.3,111.08,29.9,9.5,61,74.97,Partially cloudy
"Austin, TX, United States",10/01/2021,85.5,67.5,75.2,,87.7,0.85,0,0,9.2,101.38,28.2,9.3,72.2,79.26,"Rain, Partially cloudy"
"Austin, TX, United States",10/02/2021,87.1,67.1,76.5,,90.4,0,0,0,7.6,25.88,,9.2,60.4,80.1,Partially cloudy
"Austin, TX, United States",10/03/2021,88.5,70.3,79.3,,88.7,0,0,0,6.3,94.75,16.1,9.9,33.3,65.3,Partially cloudy
"Austin, TX, United States",10/04/2021,90.4,67.6,77.6,,87.5,0,0,0,10.3,223.63,22.4,9.9,16.8,52.46,Clear
"Austin, TX, United States",10/05/2021,89.3,62.2,74.2,,86,0,0,0,10.3,249.33,24.3,9.9,4.1,49.38,Clear
"Austin, TX, United States",10/06/2021,88.5,60,73.3,,85.6,0,0,0,5.5,158.33,,9.9,18.8,50.23,Clear
"Austin, TX, United States",10/07/2021,89.6,63.7,76.2,,89.6,0,0,0,11.2,178.17,19.7,9.9,2.7,57.26,Clear
"Austin, TX, United States",10/08/2021,90.5,65.1,76.9,,90.2,0,0,0,12.3,223.04,17.2,9.9,6.6,59.69,Clear
"Austin, TX, United States",10/09/2021,88.5,63,75.1,,88.6,0,0,0,12.8,170.42,21.9,9.6,10.6,67.86,Clear
"Austin, TX, United States",10/10/2021,90.6,69.8,79.5,,96.4,0,0,0,16.9,181.13,31.7,9.9,79.3,73.56,Overcast
"Austin, TX, United States",10/11/2021,82.4,61.9,71.7,,81.3,0.72,0,0,13.2,139.58,35.7,9.4,38.7,62.2,"Rain, Partially cloudy"
"Austin, TX, United States",10/12/2021,87.2,69.9,77.2,,94.2,0.05,0,0,13.1,143.08,26.5,8.1,79.5,77.97,"Rain, Overcast"
"Austin, TX, United States",10/13/2021,87.5,67.8,80.7,,92.9,1.04,0,0,10.9,165,24.7,9.3,90.7,74.33,"Rain, Overcast"
"Austin, TX, United States",10/14/2021,78.3,67.6,73,,,1.15,0,0,8,95.58,17.2,8.6,78.9,87.76,"Rain, Overcast"
"Austin, TX, United States",10/15/2021,87.9,68.6,75.6,,92.9,0,0,0,14.1,266.64,27,8.3,43.4,73.51,Partially cloudy
